buymore_sku,ean,product_name,product_mrp,product_length,product_breath,product_width,product_weight,min_payout_value,max_payout_value,product_model_no,series_name,child_variations,description,sales_rank,image_url,key_point,status,brand_id_id,category_id_id,hsn_code_id_id,currency_id_id,created_at,updated_at,buybox
Swisse_HHMCH9568700001,,Swisse High Strength Apple Cider Vinegar Tablets supports Digestion & Immunity (30 Tablets),,,,,,,,,,,,,,,,,,,,,,
Swisse High Strength Apple Cider Vinegar Tablets supports Digestion & Immunity (30 Tablets)
Swisse_HHMCH9520421201,,Swisse Skincare Vitamin B3 Anti Blemish Moisturizer With Green Tea & Willow Bark Extract (115 g),,,,,,,,,,,,,,,,,,,,,,
Swisse_HHMCH9536310602,,Swisse 4X Strength Fish Oil-1800MG Omega 3 for Joint Heart Brain & Eye Health (60 Tablets),,,,,,,,,,,,,,,,,,,,,,
Swisse_HHMCH9534173001,,Swisse Beauty Hair Skin & Nails Liquid Supplement with Biotin & Selenium (300 ml),,,,,,,,,,,,,,,,,,,,,,
Swisse_HHMCH9553240504,,Swisse Blood Orange Brightening Cream Moisturiser for Uneven Skin Tones & Dull Skin (50 g),,,,,,,,,,,,,,,,,,,,,,
Swisse_HHMCH9534170301,,Swisse Beauty Collagen Supplement with Peptides Vitamin C & E for Beautiful Skin (30 Tablets),,,,,,,,,,,,,,,,,,,,,,
Swisse_HHMCH9553940704,,Swisse Blood Orange Brightening Clay Mask For Glowing Skin & Even Skin Tone (70 g),,,,,,,,,,,,,,,,,,,,,,
Swisse_HHMCH9533720902,,Swisse Joint Repair with Glucosamine Chondroitin & Manganese for Joint Mobility (90 Tablets),,,,,,,,,,,,,,,,,,,,,,
Swisse_HHMCH9535800002,,Swisse High Strength Fish Oil Omega 3 for Heart Brain Joints & Eyes (40 Tablets) (40 Tablets),,,,,,,,,,,,,,,,,,,,,,
Swisse_HHMCH9539100904,,Swisse Beauty Collagen Glow Powder with Hydrolised Marine Collagen & Grape seed-90 gm (90 g),,,,,,,,,,,,,,,,,,,,,,
Swisse_HHMCH9535410902,,Swisse Ultiboost Calcium + Vitamin D for Immunity Bones & Muscle Health (90 Tablets),,,,,,,,,,,,,,,,,,,,,,
Swisse_HHMCH9535800601,,Swisse High Strength Wild Fish Oil Omega 3 for Heart Brain Joints & Eyes (60 Tablets),,,,,,,,,,,,,,,,,,,,,,
Swisse_HHMCH9500300602,,Swisse Ultiboost Metabolism+ For Digestion Detox & Weight Management (60 Tablets),,,,,,,,,,,,,,,,,,,,,,
Swisse_HHMCH9539820302,,Swisse High Strength Cranberry Antioxidant for Bladder & Kidney Health (60 Tablets),,,,,,,,,,,,,,,,,,,,,,
Swisse_HHMCH9535020501,,Swisse Ultiboost Co Enzyme Q-10 Supplement for Heart Health & Energy Metabolism (50 Tablets),,,,,,,,,,,,,,,,,,,,,,
Swisse_HHMCH9535500301,,Swisse Ultibiotic Daily Immune Probiotic For Immunity & Gut Health - 30 capsules (30 Tablets),,,,,,,,,,,,,,,,,,,,,,
Swisse_HHMCH9536010302,,Swisse Ultiboost Iron Supplement with Vitamin CVitaminB6 &Vitamin B12 (30 Tablets),,,,,,,,,,,,,,,,,,,,,,
Swisse_HHMCH9520921201,,Swisse Skincare Manuka Honey Daily Glow Foaming Cleanser with Vitamin C and Papaya Enzymes (120 ml),,,,,,,,,,,,,,,,,,,,,,
Swisse_HHMCH9534110602,,Swisse Hair Skin Nails+ with Vitamin C and Biotin for Healthy hair Skin & Nails (60 Tablets),,,,,,,,,,,,,,,,,,,,,,
Swisse_HHMCH9510110601,,Swisse Women Multivitamin (36 herbs) for EnergyStaminaVitality & Mental Health (60 Tablets),,,,,,,,,,,,,,,,,,,,,,
Swisse_HHMCH9520921202,,Swisse Skincare Manuka Honey Glow Boosting Moisturiser with Vitamin C + Grape Seed Oil (115 g),,,,,,,,,,,,,,,,,,,,,,
Swisse_HHMCH9520110601,,Swisse Mens Multivitamin Supplement (36 herbs) for Energy Stamina & Vitality (60 Tablets),,,,,,,,,,,,,,,,,,,,,,
Swisse_HHMCH9520023003,,Swisse Skincare Balanced Micellar Cleansing & Makeup Removing Water with Cucumber Extract (300 ml),,,,,,,,,,,,,,,,,,,,,,
Swisse_HHMCH9553240303,,Swisse Skincare Blood Orange Brightening Facial Serum with Olive Leaf Extract Niacinamide (30 ml),,,,,,,,,,,,,,,,,,,,,,
Swisse_HHMCH9510000504,,Swisse Skincare Argan Youthful Facial & Hair Oil with Vitamin E & Certified Organic Argan oil (50 ml),,,,,,,,,,,,,,,,,,,,,,
Swisse_HHMCH9535800003,,Swisse High Strength Wild Fish Oil Omega 3 for Heart Brain Joints & Eyes (90 Tablets) (90 Tablets),,,,,,,,,,,,,,,,,,,,,,
Swisse_HHMCH9534510602,,Swisse Liver Detox Supplement for Complete Liver Support Cleansing and Detox (60 Tablets),,,,,,,,,,,,,,,,,,,,,,
Swisse_HHMCH9553030153,,Swisse Argan Revitalising Eye Cream (14 g),,,,,,,,,,,,,,,,,,,,,,
Swisse_HHMCH9535310602,,Swisse Ultiboost Magnesium Supplement for Immunity Muscle Energy & Heart Health (60 Tablets),,,,,,,,,,,,,,,,,,,,,,
Swisse_HHMCH9533900602,,Swisse Ultiboost Immune Action with Andrographis for Immune & respiratory Health (60 Tablets),,,,,,,,,,,,,,,,,,,,,,
Swisse_HHMCH9535210901,,Swisse Ultiboost Vitamin D3 Supplement for ImmunityBones&Muscle health (90 Tablets),,,,,,,,,,,,,,,,,,,,,,
Swisse_HHMCH9591010302,,Swisse Digestive Probiotic Supplement for ImmunityDigestive Health & Gut Health orange Capsules (30 No),,,,,,,,,,,,,,,,,,,,,,
Swisse_HHMCH9537620602,,Swisse Ultiboost Grape Seed Supplement with Vitamin C for Healthy Skin (60 Tablets),,,,,,,,,,,,,,,,,,,,,,
Swisse_HHMCH9553031253,,Swisse Skincare Bamboo Skin Refining Exfoliator (125 g),,,,,,,,,,,,,,,,,,,,,,
Swisse_HHMCH9520920703,,Swisse Manuka Honey Detoxifying Clay Mask glow (70 g),,,,,,,,,,,,,,,,,,,,,,
Swisse_HHMCH9530270301,,Swisse Collagen Beauty Renewal Supplement with Blood Orange Extract (30 ml),,,,,,,,,,,,,,,,,,,,,,
Swisse_HHMCH9520121253,,Swisse Skincare Olive Leaf Deep Cleansing Gel (125 ml),,,,,,,,,,,,,,,,,,,,,,
Swisse_HHMCH9535822002,,Swisse High Strength Fish Oil Omega 3 for Heart Brain Joints and Eyes (200 Tablets),,,,,,,,,,,,,,,,,,,,,,
Swisse_9311770607889,,Swisse Ultiboost High strength Milk Thistle  Supports Liver Detoxification- 30 Tablets (30 Tablets),,,,,,,,,,,,,,,,,,,,,,
Swisse_HHMCH9553640303,,Swisse Skincare Hyaluro - Natural Skin & Facial Hydration Serum with Senna Plant Extract & Almond Oil (30 ml),,,,,,,,,,,,,,,,,,,,,,
Swisse_HHMCH9533300001,,Swisse Ultiboost Vitamin C Chewable tablets for Immunity orange flavour -110 tablets (110 Tablets),,,,,,,,,,,,,,,,,,,,,,
Swisse_HHMCH9533910602,,Swisse Immune Support (Vitamin C Zinc & Olive leaf) for healthy immune system (60 Tablets),,,,,,,,,,,,,,,,,,,,,,
Swisse_HHMCH9541100602,,Swisse Kids Multivitamin for Healthy growth & development in children 5-12 years (60 Tablets),,,,,,,,,,,,,,,,,,,,,,
Swisse_HHMCH9553840703,,Swisse Skincare Hyaluro-Natural Intensive Hydrating Mask for Supple Plump and Glowy Complexion (50 g),,,,,,,,,,,,,,,,,,,,,,
Swisse_HHMCH9541800602,,Swisse Kids Bone Health supplement with Calcium+Vitamin D3 for children 5-12 year (60 Tablets),,,,,,,,,,,,,,,,,,,,,,
Swisse_HHMCH9557700602,,Swisse Ultiboost Vegan Calcium+VitaminD3 Supplements for Immunity Stronger Bones&Muscles (60 Tablets),,,,,,,,,,,,,,,,,,,,,,
